UNIQUEID,DRUG,GENE,MUTATION,CATALOGUE_NAME,PREDICTION
syn-illumina-WHO,RIF,rpoB,S450L,WHO-UCN-GTB-PCI-2021.7,R
syn-illumina-WHO,INH,katG,S315T,WHO-UCN-GTB-PCI-2021.7,R
syn-illumina-WHO,PZA,pncA,D136N,WHO-UCN-GTB-PCI-2021.7,S
syn-illumina-WHO,LEV,gyrA,A90V,WHO-UCN-GTB-PCI-2021.7,R
syn-illumina-WHO,MXF,gyrA,A90V,WHO-UCN-GTB-PCI-2021.7,R
syn-illumina-WHO,EMB,embB,M306I,WHO-UCN-GTB-PCI-2021.7,R
syn-illumina-WHO,AMI,rrs,a1401g,WHO-UCN-GTB-PCI-2021.7,R
syn-illumina-WHO,KAN,rrs,a1401g,WHO-UCN-GTB-PCI-2021.7,R
syn-illumina-WHO,CAP,rrs,a1401g,WHO-UCN-GTB-PCI-2021.7,R
syn-illumina-WHO,ETH,ethA,V419V,WHO-UCN-GTB-PCI-2021.7,R
syn-illumina-WHO,ETH,ethA,V419V,WHO-UCN-GTB-PCI-2021.7,R
syn-illumina-WHO,INH,katG,1441_ins_ctagtttcgaccgcatgggcggcggcg,WHO-UCN-GTB-PCI-2021.7,R
syn-illumina-WHO,CAP,tlyA,95_del_gcgcatcgacgggctgccggcggtcaagccggccaccgccgtgtccgac,WHO-UCN-GTB-PCI-2021.7,R
syn-illumina-WHO,STM,gid,G34G,WHO-UCN-GTB-PCI-2021.7,R
syn-illumina-WHO,STM,gid,G34G,WHO-UCN-GTB-PCI-2021.7,R
syn-illumina-WHO,LEV,gyrA,R448R,WHO-UCN-GTB-PCI-2021.7,U
syn-illumina-WHO,LEV,gyrA,A384V,WHO-UCN-GTB-PCI-2021.7,S
syn-illumina-WHO,MXF,gyrA,A384V,WHO-UCN-GTB-PCI-2021.7,S
syn-illumina-WHO,LEV,gyrA,S95T,WHO-UCN-GTB-PCI-2021.7,S
syn-illumina-WHO,MXF,gyrA,S95T,WHO-UCN-GTB-PCI-2021.7,S
syn-illumina-WHO,LEV,gyrA,c-34t,WHO-UCN-GTB-PCI-2021.7,S
syn-illumina-WHO,MXF,gyrA,c-34t,WHO-UCN-GTB-PCI-2021.7,S
syn-illumina-WHO,ETH,,ethA@E420R&ethA@P422T&ethA@R421A&ethA@V419V,WHO-UCN-GTB-PCI-2021.7,R
syn-illumina-WHO,ETH,,gid@54_del_tgctcggcggtacgccgaa&gid@G34G,WHO-UCN-GTB-PCI-2021.7,R
syn-illumina-WHO,ETH,gid,54_del_tgctcggcggtacgccgaa,WHO-UCN-GTB-PCI-2021.7,U